prefix	gene_symbol	sgRNA	category	abundance	gene_symbol_original
CGCTGTA	nontargeting_control_CGCTGTA	CGCTGTAGTGCG	NONTARGETING_CONTROL	0.023335940476906725	NONTARGETING_CONTROL
CCCTTTG	nontargeting_control_CCCTTTG	CCCTTTGAATCA	NONTARGETING_CONTROL	0.02272225898963159	NONTARGETING_CONTROL
TGGCGAC	olfactory_receptor_TGGCGAC	TGGCGACTGGGA	OLFACTORY_RECEPTOR	0.0198584120490143	OR6B1
TCCCGTG	olfactory_receptor_TCCCGTG	TCCCGTGGTAGC	OLFACTORY_RECEPTOR	0.019681928484046287	OR10K1
TCCTGGT	nontargeting_control_TCCTGGT	TCCTGGTCGTGG	NONTARGETING_CONTROL	0.014531817179070653	NONTARGETING_CONTROL
TCACCCA	nontargeting_control_TCACCCA	TCACCCACGGTA	NONTARGETING_CONTROL	0.014507751238393197	NONTARGETING_CONTROL
TAAACTC	olfactory_receptor_TAAACTC	TAAACTCTCACC	OLFACTORY_RECEPTOR	0.014090608266650623	OR2T8
TACCTCA	intergenic_control_TACCTCA	TACCTCAATTCC	INTERGENIC_CONTROL	0.013934179652247157	INTERGENIC_CONTROL_chr3
TGCGCAC	olfactory_receptor_TGCGCAC	TGCGCACAATGG	OLFACTORY_RECEPTOR	0.013480937769488398	OR13C4
TGCTCAT	PLA2G6	TGCTCATTAAGC	GENE_TARGETING	0.01320819044181056	PLA2G6
TGCTGGC	LYPLA1	TGCTGGCGTCGT	GENE_TARGETING	0.012462146280809418	LYPLA1
CACTGAA	nontargeting_control_CACTGAA	CACTGAATAGGC	NONTARGETING_CONTROL	0.011952750536469927	NONTARGETING_CONTROL
TGTCCGT	GLRX3	TGTCCGTAACGA	GENE_TARGETING	0.0119407175661312	GLRX3
TAGCACT	nontargeting_control_TAGCACT	TAGCACTCGGGA	NONTARGETING_CONTROL	0.011607805386759722	NONTARGETING_CONTROL
CAAACGG	nontargeting_control_CAAACGG	CAAACGGGACCA	NONTARGETING_CONTROL	0.011499508653711169	NONTARGETING_CONTROL
TACTGTT	nontargeting_control_TACTGTT	TACTGTTGGCAA	NONTARGETING_CONTROL	0.011443354792130437	NONTARGETING_CONTROL
CAGCTTC	nontargeting_control_CAGCTTC	CAGCTTCGAGTA	NONTARGETING_CONTROL	0.011282915187614062	NONTARGETING_CONTROL
TCGCTAG	GSS	TCGCTAGCGTCA	GENE_TARGETING	0.011182640434791329	GSS
TATGGAC	nontargeting_control_TATGGAC	TATGGACAAGTC	NONTARGETING_CONTROL	0.010869783205984397	NONTARGETING_CONTROL
TACGTGT	nontargeting_control_TACGTGT	TACGTGTGTGAA	NONTARGETING_CONTROL	0.01077753043338748	NONTARGETING_CONTROL
CGACCGT	intergenic_control_CGACCGT	CGACCGTGACGT	INTERGENIC_CONTROL	0.009802859835950504	INTERGENIC_CONTROL_chr4
CGCGCGA	TXNRD2	CGCGCGATATGC	GENE_TARGETING	0.00976274993482141	TXNRD2
TGATCTT	olfactory_receptor_TGATCTT	TGATCTTGCACC	OLFACTORY_RECEPTOR	0.009229288249804464	OR6X1
TCGAGCG	intergenic_control_TCGAGCG	TCGAGCGTAAGA	INTERGENIC_CONTROL	0.008816156268174799	INTERGENIC_CONTROL_chr2
CGGTCGG	STK38	CGGTCGGTTTAC	GENE_TARGETING	0.008707859535126245	STK38
TAGCGAT	nontargeting_control_TAGCGAT	TAGCGATAGGTA	NONTARGETING_CONTROL	0.008415057256883861	NONTARGETING_CONTROL
TCTTCTA	PINK1	TCTTCTACACAG	GENE_TARGETING	0.008290716563383671	PINK1
TCGGGAA	olfactory_receptor_TCGGGAA	TCGGGAAGCTGC	OLFACTORY_RECEPTOR	0.007961815374125103	OR2A4
CCTACCC	nontargeting_control_CCTACCC	CCTACCCTTTAA	NONTARGETING_CONTROL	0.007500551511140525	NONTARGETING_CONTROL
TCCCTTG	VDAC1	TCCCTTGCCTCA	GENE_TARGETING	0.007163628341656137	VDAC1
CCTGGTG	DDIT3	CCTGGTGACAGT	GENE_TARGETING	0.0071195074504141346	DDIT3
TCTTACA	U2AF1	TCTTACACTCGC	GENE_TARGETING	0.006995166756913944	U2AF1
CCCTATA	MTX1	CCCTATACCTGG	GENE_TARGETING	0.006802639231494294	MTX1
CGAGCGC	nontargeting_control_CGAGCGC	CGAGCGCAATCC	NONTARGETING_CONTROL	0.0067585183402522914	NONTARGETING_CONTROL
TACTTGG	nontargeting_control_TACTTGG	TACTTGGTCTGA	NONTARGETING_CONTROL	0.0065780237851713694	NONTARGETING_CONTROL
TAACTCA	nontargeting_control_TAACTCA	TAACTCACACCA	NONTARGETING_CONTROL	0.0064937929928002725	NONTARGETING_CONTROL
TCGACTC	olfactory_receptor_TCGACTC	TCGACTCCGTGT	OLFACTORY_RECEPTOR	0.006441650121332451	OR10G9
CGCCACA	RNF31	CGCCACATGAAA	GENE_TARGETING	0.006377474279525901	RNF31
CGACCTT	nontargeting_control_CGACCTT	CGACCTTCGTCT	NONTARGETING_CONTROL	0.006269177546477348	NONTARGETING_CONTROL
CTCCGTA	TFRC	CTCCGTAGGCAC	GENE_TARGETING	0.0060485730902673325	TFRC
TAGTCAT	olfactory_receptor_TAGTCAT	TAGTCATACCAT	OLFACTORY_RECEPTOR	0.005924232396767142	OR5M8
CTCAGAT	olfactory_receptor_CTCAGAT	CTCAGATTCCGC	OLFACTORY_RECEPTOR	0.005920221406654233	OR6P1
CGCTATG	olfactory_receptor_CGCTATG	CGCTATGATTCG	OLFACTORY_RECEPTOR	0.005920221406654233	OR11H12
CCTTGAA	intergenic_control_CCTTGAA	CCTTGAAGTACG	INTERGENIC_CONTROL	0.00587208952529932	INTERGENIC_CONTROL_chr8
TCGATCC	intergenic_control_TCGATCC	TCGATCCCATGA	INTERGENIC_CONTROL	0.005827968634057317	INTERGENIC_CONTROL_chr2
CGGACGG	nontargeting_control_CGGACGG	CGGACGGAAAGA	NONTARGETING_CONTROL	0.005563243286605298	NONTARGETING_CONTROL
CTCCTGT	SRSF1	CTCCTGTTTGCA	GENE_TARGETING	0.005495056454685839	SRSF1
CAGCTCC	HSPA9	CAGCTCCAGCAT	GENE_TARGETING	0.005446924573330927	HSPA9
TGTTCGC	intergenic_control_TGTTCGC	TGTTCGCCAGGG	INTERGENIC_CONTROL	0.005346649820508193	INTERGENIC_CONTROL_chr1
TGGCTAA	PINK1	TGGCTAACCAAG	GENE_TARGETING	0.005274451998475824	PINK1
TAACGCA	intergenic_control_TAACGCA	TAACGCAGTGAG	INTERGENIC_CONTROL	0.0051862102159918174	INTERGENIC_CONTROL_chr12
CCGTGGT	U2AF1	CCGTGGTTAACC	GENE_TARGETING	0.005154122295088543	U2AF1
TCGTTTG	LRP8	TCGTTTGGCACT	GENE_TARGETING	0.0050739024928303554	LRP8
TCGCCAT	PCYT1A	TCGCCATATTGC	GENE_TARGETING	0.005025770611475443	PCYT1A
TCCCACC	TSG101	TCCCACCTAGCA	GENE_TARGETING	0.005001704670797987	TSG101
TGCCAAT	KPNB1	TGCCAATAAAGG	GENE_TARGETING	0.004997693680685077	KPNB1
CCGGAAG	G3BP1	CCGGAAGTGTAG	GENE_TARGETING	0.0049495617993301644	G3BP1
CTCACTC	intergenic_control_CTCACTC	CTCACTCGAGCA	INTERGENIC_CONTROL	0.0048653310069590675	INTERGENIC_CONTROL_chrX
CAGTCCA	nontargeting_control_CAGTCCA	CAGTCCACCTAT	NONTARGETING_CONTROL	0.004769067244249243	NONTARGETING_CONTROL
CGCTGAG	FBXW7	CGCTGAGCATAC	GENE_TARGETING	0.004636704570523234	FBXW7
TCGGTTG	nontargeting_control_TCGGTTG	TCGGTTGCAGTT	NONTARGETING_CONTROL	0.004564506748490865	NONTARGETING_CONTROL
TACATTC	intergenic_control_TACATTC	TACATTCACATG	INTERGENIC_CONTROL	0.004548462788039227	INTERGENIC_CONTROL_chr8
CCGCATG	RANGAP1	CCGCATGCTAGT	GENE_TARGETING	0.004512363877023043	RANGAP1
TGTTGCG	PDZD8	TGTTGCGTAGGA	GENE_TARGETING	0.004512363877023043	PDZD8
TGTTTGA	olfactory_receptor_TGTTTGA	TGTTTGACTGCT	OLFACTORY_RECEPTOR	0.0044762649660068585	OR51E2
CGGAAAT	nontargeting_control_CGGAAAT	CGGAAATTCATC	NONTARGETING_CONTROL	0.00446824298578104	NONTARGETING_CONTROL
TCGCTGG	FADS2	TCGCTGGACAAA	GENE_TARGETING	0.004408078134087399	FADS2
CTTCCGA	SLC25A37	CTTCCGAGCTGT	GENE_TARGETING	0.004367968232958306	SLC25A37
CTTTATG	SNX1	CTTTATGCACTC	GENE_TARGETING	0.004351924272506668	SNX1
TAGTGTT	PRPF8	TAGTGTTCAGTG	GENE_TARGETING	0.004323847341716302	PRPF8
CGACACG	nontargeting_control_CGACACG	CGACACGACCTC	NONTARGETING_CONTROL	0.0042797264504742995	NONTARGETING_CONTROL
TGGCATA	SREBF1	TGGCATACTGCT	GENE_TARGETING	0.004263682490022662	SREBF1
TCCATCG	intergenic_control_TCCATCG	TCCATCGCGGCT	INTERGENIC_CONTROL	0.0042396165493452055	INTERGENIC_CONTROL_chr1
CTACTTC	RAB11A	CTACTTCTCCGG	GENE_TARGETING	0.004191484667990294	RAB11A
CCACTCC	NFE2L2	CCACTCCAAACA	GENE_TARGETING	0.004179451697651566	NFE2L2
CCCGACT	FTH1	CCCGACTGATGT	GENE_TARGETING	0.004135330806409562	FTH1
TGGTGTA	olfactory_receptor_TGGTGTA	TGGTGTAAGCCC	OLFACTORY_RECEPTOR	0.004123297836070834	OR2AK2
CAGTCTG	GPX2	CAGTCTGGCAAT	GENE_TARGETING	0.004115275855845015	GPX2
CCCTTAT	SAMM50	CCCTTATTTGGT	GENE_TARGETING	0.004083187934941741	SAMM50
CTGCGAA	GPX2	CTGCGAACCTGT	GENE_TARGETING	0.004002968132683553	GPX2
CTGTCAT	nontargeting_control_CTGTCAT	CTGTCATCCGCC	NONTARGETING_CONTROL	0.00395884724144155	NONTARGETING_CONTROL
CTACTAG	olfactory_receptor_CTACTAG	CTACTAGGCCAG	OLFACTORY_RECEPTOR	0.0038866494194091813	OR51A4
CAAGATA	nontargeting_control_CAAGATA	CAAGATATGCAT	NONTARGETING_CONTROL	0.0038024186270380843	NONTARGETING_CONTROL
TCTCAAT	nontargeting_control_TCTCAAT	TCTCAATCGTCT	NONTARGETING_CONTROL	0.003778352686360628	NONTARGETING_CONTROL
CAGATGC	PRMT5	CAGATGCGGTCC	GENE_TARGETING	0.003778352686360628	PRMT5
TGCTCGA	EEA1	TGCTCGACCTAA	GENE_TARGETING	0.0037623087259089907	EEA1
CTGCCAA	olfactory_receptor_CTGCCAA	CTGCCAAATATA	OLFACTORY_RECEPTOR	0.003694121893989531	OR10T2
TACAGCT	ACSL4	TACAGCTTTACA	GENE_TARGETING	0.0036860999137637127	ACSL4
TCGCGAC	HMGB1	TCGCGACACACC	GENE_TARGETING	0.003658022982973347	HMGB1
CCCGCCT	PRDX1	CCCGCCTTTATA	GENE_TARGETING	0.0034374185267633315	PRDX1
TGCTATT	nontargeting_control_TGCTATT	TGCTATTGTCTT	NONTARGETING_CONTROL	0.003389286645408419	NONTARGETING_CONTROL
TAGCTTA	nontargeting_control_TAGCTTA	TAGCTTAGGGCC	NONTARGETING_CONTROL	0.0033692316948438724	NONTARGETING_CONTROL
CCGATGA	olfactory_receptor_CCGATGA	CCGATGATTGTA	OLFACTORY_RECEPTOR	0.0032890118925856847	OR56A3
TGGTCCA	FADS2	TGGTCCACGAGC	GENE_TARGETING	0.0032609349617953192	FADS2
TCAGGGA	intergenic_control_TCAGGGA	TCAGGGAAAGCA	INTERGENIC_CONTROL	0.003240880011230772	INTERGENIC_CONTROL_chr5
TGCGTTG	ZDHHC8	TGCGTTGATGAT	GENE_TARGETING	0.0031566492188596757	ZDHHC8
CCTCATT	RNF31	CCTCATTTAGAG	GENE_TARGETING	0.003084451396827307	RNF31
CCGTTTA	CDC5L	CCGTTTAGTATT	GENE_TARGETING	0.0030523634759240317	CDC5L
CCCTACA	olfactory_receptor_CCCTACA	CCCTACATTAGT	OLFACTORY_RECEPTOR	0.0030282975352465755	OR10P1
CAGCCAT	HNRNPK	CAGCCATTCAAC	GENE_TARGETING	0.0030162645649078473	HNRNPK
TGACGTA	OSBPL9	TGACGTACCGGG	GENE_TARGETING	0.0029761546637787537	OSBPL9
CGTCAGG	EEFSEC	CGTCAGGAGTTC	GENE_TARGETING	0.0029400557527625693	EEFSEC
TGGCCCT	MFN2	TGGCCCTAGCTG	GENE_TARGETING	0.002924011792310932	MFN2
CCTAACC	olfactory_receptor_CCTAACC	CCTAACCCGCAC	OLFACTORY_RECEPTOR	0.0029200008021980227	OR11H1
TCGTCGG	olfactory_receptor_TCGTCGG	TCGTCGGGAGAC	OLFACTORY_RECEPTOR	0.0029200008021980227	OR6K3
TGATCTC	HNRNPL	TGATCTCTAGCC	GENE_TARGETING	0.002915989812085113	HNRNPL
CTTCCAC	LRP8	CTTCCACACCCT	GENE_TARGETING	0.002911978821972204	LRP8
CTTAGAA	olfactory_receptor_CTTAGAA	CTTAGAAGAAGC	OLFACTORY_RECEPTOR	0.0029079678318592946	OR10A3
CTTCTAA	TXN2	CTTCTAAGTTTG	GENE_TARGETING	0.002879890901068929	TXN2
CCCGAGT	TRIM47	CCCGAGTTCTCA	GENE_TARGETING	0.002855824960391473	TRIM47
CATCTCG	SLC25A28	CATCTCGAATGG	GENE_TARGETING	0.0028117040691494695	SLC25A28
CGGAAGC	SNRNP200	CGGAAGCGAGTG	GENE_TARGETING	0.002711429316326735	SNRNP200
TACTAAG	nontargeting_control_TACTAAG	TACTAAGTGCAG	NONTARGETING_CONTROL	0.00261516555361691	NONTARGETING_CONTROL
TCCTAGA	GLRX3	TCCTAGAAGCAT	GENE_TARGETING	0.0025870886228265447	GLRX3
CTCTAGT	TRIM26	CTCTAGTTACTT	GENE_TARGETING	0.0025710446623749073	TRIM26
CTACGAT	intergenic_control_CTACGAT	CTACGATGTTGC	INTERGENIC_CONTROL	0.002559011692036179	INTERGENIC_CONTROL_chr14
TAGCAAC	DDIT3	TAGCAACTAAAG	GENE_TARGETING	0.002534945751358723	DDIT3
CCGTCCC	AIFM2	CCGTCCCAACCT	GENE_TARGETING	0.002482802879890901	AIFM2
CACCGGT	SRSF3	CACCGGTCTCAT	GENE_TARGETING	0.0024747808996650822	SRSF3
TGCCGGG	nontargeting_control_TGCCGGG	TGCCGGGATTAA	NONTARGETING_CONTROL	0.002462747929326354	NONTARGETING_CONTROL
CACTTAG	olfactory_receptor_CACTTAG	CACTTAGCGCTG	OLFACTORY_RECEPTOR	0.002450714958987626	OR4P4
CTCCCTT	SNAP29	CTCCCTTACCAA	GENE_TARGETING	0.0024426929787618075	SNAP29
CAGGATG	olfactory_receptor_CAGGATG	CAGGATGGTGAC	OLFACTORY_RECEPTOR	0.0024025830776327134	OR5L2
CGTTTCC	intergenic_control_CGTTTCC	CGTTTCCGTCAA	INTERGENIC_CONTROL	0.0024025830776327134	INTERGENIC_CONTROL_chr17
CGCACAG	nontargeting_control_CGCACAG	CGCACAGAGGTT	NONTARGETING_CONTROL	0.0023544511962778013	NONTARGETING_CONTROL
CTCTAGC	intergenic_control_CTCTAGC	CTCTAGCCCGGA	INTERGENIC_CONTROL	0.0023343962457132543	INTERGENIC_CONTROL_chr6
CGGATTC	TRIM21	CGGATTCCTAAC	GENE_TARGETING	0.002318352285261617	TRIM21
CAGTTTG	GCLM	CAGTTTGTTCAA	GENE_TARGETING	0.002310330305035798	GCLM
CCTCCAA	intergenic_control_CCTCCAA	CCTCCAAGATTG	INTERGENIC_CONTROL	0.0022822533742454325	INTERGENIC_CONTROL_chr3
TCATCCA	TIMM23	TCATCCAGCCAT	GENE_TARGETING	0.0022822533742454325	TIMM23
CACCTGC	GFER	CACCTGCCAGCA	GENE_TARGETING	0.002266209413793795	GFER
TACGACC	intergenic_control_TACGACC	TACGACCAATGC	INTERGENIC_CONTROL	0.0022100555522130637	INTERGENIC_CONTROL_chr8
TCCACCG	ARF1	TCCACCGGTTGG	GENE_TARGETING	0.0022100555522130637	ARF1
TGCAAAC	PET117	TGCAAACATCCT	GENE_TARGETING	0.0022100555522130637	PET117
TAGCTCT	RAB5A	TAGCTCTTTAGT	GENE_TARGETING	0.002202033571987245	RAB5A
TCTGTGA	SNRNP200	TCTGTGAAGACT	GENE_TARGETING	0.002165934660971061	SNRNP200
TAAACAC	TSG101	TAAACACGACAG	GENE_TARGETING	0.002145879710406514	TSG101
TGGTGAG	intergenic_control_TGGTGAG	TGGTGAGACCCT	INTERGENIC_CONTROL	0.0021218137697290576	INTERGENIC_CONTROL_chr13
TAGTATC	intergenic_control_TAGTATC	TAGTATCCTACG	INTERGENIC_CONTROL	0.002101758819164511	INTERGENIC_CONTROL_chr9
CACTATT	SAMM50	CACTATTAGATG	GENE_TARGETING	0.0020977478290516013	SAMM50
CTAGAAG	GSR	CTAGAAGTTCGC	GENE_TARGETING	0.002089725848825783	GSR
CTCCAAG	intergenic_control_CTCCAAG	CTCCAAGTCTAA	INTERGENIC_CONTROL	0.002061648918035417	INTERGENIC_CONTROL_chr7
CGGGCTA	AIFM2	CGGGCTAGATAA	GENE_TARGETING	0.0020536269378095984	AIFM2
TGGAGCC	GCLC	TGGAGCCATTGT	GENE_TARGETING	0.0020456049575837795	GCLC
TGTCTGA	CDC5L	TGTCTGATGCTG	GENE_TARGETING	0.002029560997132142	CDC5L
TATGGGA	TRIM26	TATGGGACTCGT	GENE_TARGETING	0.002017528026793414	TRIM26
TGCCAGA	RAB6A	TGCCAGACAGCG	GENE_TARGETING	0.002009506046567595	RAB6A
TGACTTG	olfactory_receptor_TGACTTG	TGACTTGGGACT	OLFACTORY_RECEPTOR	0.0020014840663417767	OR10H1
TACTGTC	MTX2	TACTGTCTTATG	GENE_TARGETING	0.0019653851553255923	MTX2
TATATGC	LMNA	TATATGCGAAAC	GENE_TARGETING	0.001953352184986864	LMNA
TGAACGT	nontargeting_control_TGAACGT	TGAACGTCAGAC	NONTARGETING_CONTROL	0.0019493411948739547	NONTARGETING_CONTROL
CATCACC	nontargeting_control_CATCACC	CATCACCCACCC	NONTARGETING_CONTROL	0.0019332972344223171	NONTARGETING_CONTROL
CTCATGT	PRDX1	CTCATGTAACAT	GENE_TARGETING	0.0019332972344223171	PRDX1
TGTCGCT	FASN	TGTCGCTGTCAG	GENE_TARGETING	0.0019012093135190422	FASN
TAGCGTA	HNRNPL	TAGCGTATTGCC	GENE_TARGETING	0.0019012093135190422	HNRNPL
CTTATGG	SRSF3	CTTATGGCGGCT	GENE_TARGETING	0.0018971983234061327	SRSF3
CTACCGT	PRDX5	CTACCGTTCTCT	GENE_TARGETING	0.0018851653530674046	PRDX5
CCTCCAT	ACACA	CCTCCATCCTAC	GENE_TARGETING	0.0018651104025028578	ACACA
CCCTCAA	OTUD5	CCCTCAAGGCAT	GENE_TARGETING	0.001857088422277039	OTUD5
TCCCATG	olfactory_receptor_TCCCATG	TCCCATGTGTTG	OLFACTORY_RECEPTOR	0.0018209895112608547	OR1C1
CCCTAGC	olfactory_receptor_CCCTAGC	CCCTAGCGTCGT	OLFACTORY_RECEPTOR	0.0017929125804704892	OR8K3
TAAACCA	HNRNPK	TAAACCATGGAG	GENE_TARGETING	0.0017889015903575797	HNRNPK
CCAGTGC	VDAC2	CCAGTGCACTGC	GENE_TARGETING	0.001780879610131761	VDAC2
TGGTCAA	nontargeting_control_TGGTCAA	TGGTCAAGACTT	NONTARGETING_CONTROL	0.001768846639793033	NONTARGETING_CONTROL
TACGCCG	GPX4	TACGCCGTATAA	GENE_TARGETING	0.0017648356496801235	GPX4
TCCGCGT	nontargeting_control_TCCGCGT	TCCGCGTTACGC	NONTARGETING_CONTROL	0.0017407697090026672	NONTARGETING_CONTROL
TCTAGGC	GOLPH3	TCTAGGCACTAT	GENE_TARGETING	0.0017407697090026672	GOLPH3
TCCCGAG	LPCAT3	TCCCGAGAGAAC	GENE_TARGETING	0.0017247257485510298	LPCAT3
CGGTATA	TXNRD1	CGGTATACGCTG	GENE_TARGETING	0.0016846158474219362	TXNRD1
TAAGGAG	KPNA2	TAAGGAGTTTCA	GENE_TARGETING	0.0016765938671961173	KPNA2
CCGTTCG	EMD	CCGTTCGTCTTA	GENE_TARGETING	0.0016685718869702986	EMD
TCCTGAA	intergenic_control_TCCTGAA	TCCTGAATTGCA	INTERGENIC_CONTROL	0.0016645608968573892	INTERGENIC_CONTROL_chrX
TCGGACT	GPX1	TCGGACTATACA	GENE_TARGETING	0.0016445059462928424	GPX1
TAACCAA	SNX1	TAACCAACCTCC	GENE_TARGETING	0.0016244509957282955	SNX1
TGCTATG	CLTC	TGCTATGCACAT	GENE_TARGETING	0.0016164290155024769	CLTC
CTCGCAT	TAFAZZIN	CTCGCATGGTCT	GENE_TARGETING	0.0016124180253895674	TAFAZZIN
TCCGGTT	intergenic_control_TCCGGTT	TCCGGTTTCTTA	INTERGENIC_CONTROL	0.001576319114373383	INTERGENIC_CONTROL_chr20
TAAGTCC	olfactory_receptor_TAAGTCC	TAAGTCCGGCAG	OLFACTORY_RECEPTOR	0.0015682971341475643	OR4F5
TCTAACC	olfactory_receptor_TCTAACC	TCTAACCGTAGT	OLFACTORY_RECEPTOR	0.001544231193470108	OR5T3
CTAGGGA	intergenic_control_CTAGGGA	CTAGGGAATATA	INTERGENIC_CONTROL	0.0015281872330184707	INTERGENIC_CONTROL_chr5
CTAAATC	intergenic_control_CTAAATC	CTAAATCGGGTT	INTERGENIC_CONTROL	0.0015041212923410144	INTERGENIC_CONTROL_chr9
CTCAAGT	PDCD6IP	CTCAAGTGGTTG	GENE_TARGETING	0.0015041212923410144	PDCD6IP
CCAGCGG	intergenic_control_CCAGCGG	CCAGCGGTTATG	INTERGENIC_CONTROL	0.0014720333714377395	INTERGENIC_CONTROL_chr7
TGCGGAA	TOMM20	TGCGGAATACAG	GENE_TARGETING	0.001423901490082827	TOMM20
CATTTGC	HMOX1	CATTTGCTACCT	GENE_TARGETING	0.0014158795098570083	HMOX1
CGCCGAC	KPNB1	CGCCGACTTGGA	GENE_TARGETING	0.001391813569179552	KPNB1
TATGCTT	olfactory_receptor_TATGCTT	TATGCTTGTTGG	OLFACTORY_RECEPTOR	0.0013797805988408239	OR51V1
TGTTACG	PDZD8	TGTTACGGCGAC	GENE_TARGETING	0.0013757696087279144	PDZD8
TCCTTCA	TXNRD1	TCCTTCAACTCA	GENE_TARGETING	0.001359725648276277	TXNRD1
CTACACG	TRIM47	CTACACGTGACA	GENE_TARGETING	0.001359725648276277	TRIM47
CGACTTA	PRPF19	CGACTTACAATC	GENE_TARGETING	0.0013035717866955458	PRPF19
CGGCCAT	PSTK	CGGCCATCTTGA	GENE_TARGETING	0.0012995607965826364	PSTK
CGATTAA	SLC25A4	CGATTAATGAGG	GENE_TARGETING	0.0012674728756793614	SLC25A4
TGGCGTT	OSBPL9	TGGCGTTGGACA	GENE_TARGETING	0.0012674728756793614	OSBPL9
CTTACGT	intergenic_control_CTTACGT	CTTACGTTTATG	INTERGENIC_CONTROL	0.0012474179251148146	INTERGENIC_CONTROL_chr5
CCTGCTA	DNAJC19	CCTGCTACCAAC	GENE_TARGETING	0.0012474179251148146	DNAJC19
TAGTTAA	DNAJA1	TAGTTAACGACA	GENE_TARGETING	0.0012434069350019052	DNAJA1
TGAAAGA	SRSF1	TGAAAGATCACT	GENE_TARGETING	0.001239395944888996	SRSF1
CTCCCTG	XPO1	CTCCCTGCTGTT	GENE_TARGETING	0.001239395944888996	XPO1
TGCGCTC	intergenic_control_TGCGCTC	TGCGCTCTTTGC	INTERGENIC_CONTROL	0.001231373964663177	INTERGENIC_CONTROL_chr21
TATCCTC	SLC25A4	TATCCTCTGCCG	GENE_TARGETING	0.001231373964663177	SLC25A4
CCGCCTA	SECISBP2	CCGCCTACAAGA	GENE_TARGETING	0.0012233519844373584	SECISBP2
TCTTCGT	olfactory_receptor_TCTTCGT	TCTTCGTCCTGG	OLFACTORY_RECEPTOR	0.0012153300042115397	OR4X1
CCAGTTG	nontargeting_control_CCAGTTG	CCAGTTGTGAAT	NONTARGETING_CONTROL	0.0012153300042115397	NONTARGETING_CONTROL
TACCCAG	intergenic_control_TACCCAG	TACCCAGAACCG	INTERGENIC_CONTROL	0.0012153300042115397	INTERGENIC_CONTROL_chr2
TATGGGT	nontargeting_control_TATGGGT	TATGGGTTAGGA	NONTARGETING_CONTROL	0.0012073080239857208	NONTARGETING_CONTROL
TCTAAAG	PTBP1	TCTAAAGCCCGT	GENE_TARGETING	0.0012032970338728115	PTBP1
CGCGCTT	intergenic_control_CGCGCTT	CGCGCTTAGGTC	INTERGENIC_CONTROL	0.001187253073421174	INTERGENIC_CONTROL_chrX
TATAGGG	intergenic_control_TATAGGG	TATAGGGAGAGG	INTERGENIC_CONTROL	0.0011752201030824458	INTERGENIC_CONTROL_chr1
TAGACGA	DHX38	TAGACGAATCTA	GENE_TARGETING	0.0011671981228566271	DHX38
CTACGTC	SLC25A37	CTACGTCCTGAC	GENE_TARGETING	0.0011671981228566271	SLC25A37
CAAGACA	intergenic_control_CAAGACA	CAAGACAAATGA	INTERGENIC_CONTROL	0.0011431321821791709	INTERGENIC_CONTROL_chr11
TGACAAG	GFER	TGACAAGCTACG	GENE_TARGETING	0.0011431321821791709	GFER
CCACGAG	intergenic_control_CCACGAG	CCACGAGCTGTT	INTERGENIC_CONTROL	0.0011391211920662617	INTERGENIC_CONTROL_chr3
CTTCACC	CTNNB1	CTTCACCTCTTG	GENE_TARGETING	0.0011270882217275335	CTNNB1
CGCTACA	PRDX3	CGCTACAGCAGG	GENE_TARGETING	0.0011270882217275335	PRDX3
TATTGTG	ZDHHC8	TATTGTGGTTCC	GENE_TARGETING	0.001123077231614624	ZDHHC8
CGGAGGT	CIRBP	CGGAGGTCATAT	GENE_TARGETING	0.0010950003008242586	CIRBP
CTATCTT	olfactory_receptor_CTATCTT	CTATCTTGGCGA	OLFACTORY_RECEPTOR	0.001078956340372621	OR10A4
CAACTCT	RAN	CAACTCTGCCGA	GENE_TARGETING	0.001078956340372621	RAN
TCGATAA	MFN2	TCGATAACTGAC	GENE_TARGETING	0.0010749453502597115	MFN2
TACAGAA	intergenic_control_TACAGAA	TACAGAACTCAC	INTERGENIC_CONTROL	0.0010548903996951647	INTERGENIC_CONTROL_chr10
CCTTTCA	VPS35	CCTTTCATAACC	GENE_TARGETING	0.001034835449130618	VPS35
TATACCG	intergenic_control_TATACCG	TATACCGACCGT	INTERGENIC_CONTROL	0.0010228024787918898	INTERGENIC_CONTROL_chr10
CTACAAG	VAPB	CTACAAGAATGG	GENE_TARGETING	0.001014780498566071	VAPB
TAGCCAC	olfactory_receptor_TAGCCAC	TAGCCACGGATC	OLFACTORY_RECEPTOR	0.0010067585183402522	OR4F16
CCTCAAT	FTH1	CCTCAATATCAC	GENE_TARGETING	0.0009826925776627961	FTH1
TGAAGCA	RAN	TGAAGCATAGAA	GENE_TARGETING	0.0009786815875498867	RAN
TCTAGAG	PRPF19	TCTAGAGATCTT	GENE_TARGETING	0.0009786815875498867	PRPF19
CTTAGCT	ACSL4	CTTAGCTTGCCT	GENE_TARGETING	0.0009666486172111586	ACSL4
TGAGACT	SELENBP1	TGAGACTTTAGA	GENE_TARGETING	0.0009666486172111586	SELENBP1
CTTAATA	LPCAT3	CTTAATAGCGTT	GENE_TARGETING	0.0009666486172111586	LPCAT3
TCAAGGG	EEA1	TCAAGGGTCATG	GENE_TARGETING	0.0009465936666466117	EEA1
CTTTCAC	nontargeting_control_CTTTCAC	CTTTCACTTACA	NONTARGETING_CONTROL	0.0009425826765337023	NONTARGETING_CONTROL
CCTAGTC	TNPO1	CCTAGTCAATAG	GENE_TARGETING	0.0009425826765337023	TNPO1
CTGGTTC	OTUD5	CTGGTTCATCGC	GENE_TARGETING	0.0009425826765337023	OTUD5
CAACTAC	olfactory_receptor_CAACTAC	CAACTACCTTCC	OLFACTORY_RECEPTOR	0.0009225277259691555	OR6K6
TCACTTC	olfactory_receptor_TCACTTC	TCACTTCAGAAA	OLFACTORY_RECEPTOR	0.0009145057457433368	OR6C65
CAGTACG	BANF1	CAGTACGCACAC	GENE_TARGETING	0.0009145057457433368	BANF1
CTTAAAC	olfactory_receptor_CTTAAAC	CTTAAACGTAGC	OLFACTORY_RECEPTOR	0.0009024727754046087	OR4X2
TCTCTCA	ZDHHC20	TCTCTCACCTGA	GENE_TARGETING	0.0008944507951787899	ZDHHC20
CCAAGTC	GCLM	CCAAGTCGTTAC	GENE_TARGETING	0.0008904398050658805	GCLM
TATAAGT	olfactory_receptor_TATAAGT	TATAAGTCCGTT	OLFACTORY_RECEPTOR	0.0008703848545013336	OR8D4
CGAGTTG	olfactory_receptor_CGAGTTG	CGAGTTGACGAT	OLFACTORY_RECEPTOR	0.0008703848545013336	OR11G2
CGGTCAC	olfactory_receptor_CGGTCAC	CGGTCACCATGG	OLFACTORY_RECEPTOR	0.0008583518841626056	OR52E6
TGGTACG	intergenic_control_TGGTACG	TGGTACGAAGCA	INTERGENIC_CONTROL	0.0008503299039367868	INTERGENIC_CONTROL_chr1
TGCCTCC	CTNNB1	TGCCTCCTGCCT	GENE_TARGETING	0.0008503299039367868	CTNNB1
TATCGAG	PRPF8	TATCGAGGCGCG	GENE_TARGETING	0.0008382969335980587	PRPF8
TATACAG	olfactory_receptor_TATACAG	TATACAGGGCTC	OLFACTORY_RECEPTOR	0.0008342859434851493	OR8G5
TAGGCTC	intergenic_control_TAGGCTC	TAGGCTCAGCGC	INTERGENIC_CONTROL	0.0008062090126947837	INTERGENIC_CONTROL_chr18
CAGTCAG	SIRT3	CAGTCAGTAGAT	GENE_TARGETING	0.0008062090126947837	SIRT3
CGTCTTA	intergenic_control_CGTCTTA	CGTCTTAGCGTG	INTERGENIC_CONTROL	0.0008021980225818744	INTERGENIC_CONTROL_chr6
CTGCGCT	HMGB1	CTGCGCTCATGG	GENE_TARGETING	0.0007901650522431462	HMGB1
TGATGCA	TOMM20	TGATGCACTGAT	GENE_TARGETING	0.0007861540621302369	TOMM20
CCATCAT	DNAJC19	CCATCATGTAGT	GENE_TARGETING	0.0007620881214527806	DNAJC19
CTGAGGA	olfactory_receptor_CTGAGGA	CTGAGGAAACGG	OLFACTORY_RECEPTOR	0.000734011190662415	OR2T6
TCTCCAC	NFE2L2	TCTCCACAACGA	GENE_TARGETING	0.000734011190662415	NFE2L2
TATTCCC	TFRC	TATTCCCGGTGT	GENE_TARGETING	0.000734011190662415	TFRC
CTGATCA	nontargeting_control_CTGATCA	CTGATCAGAGAT	NONTARGETING_CONTROL	0.0007259892104365962	NONTARGETING_CONTROL
TGCCATA	SLC25A28	TGCCATAGCAGG	GENE_TARGETING	0.0007219782203236869	SLC25A28
CAACATG	olfactory_receptor_CAACATG	CAACATGCGATA	OLFACTORY_RECEPTOR	0.0007179672302107775	OR10H5
CTCGGTG	olfactory_receptor_CTCGGTG	CTCGGTGGTACT	OLFACTORY_RECEPTOR	0.0007019232697591401	OR10Z1
TGTGATG	CKB	TGTGATGTGTCT	GENE_TARGETING	0.0006979122796462306	CKB
CAGATCA	SEPHS2	CAGATCAATTAC	GENE_TARGETING	0.0006858793093075026	SEPHS2
CTAAAGC	intergenic_control_CTAAAGC	CTAAAGCATCCC	INTERGENIC_CONTROL	0.0006778573290816838	INTERGENIC_CONTROL_chr15
TGAGTGC	NNT	TGAGTGCTAATA	GENE_TARGETING	0.0006778573290816838	NNT
TCGAGTA	nontargeting_control_TCGAGTA	TCGAGTAAACAG	NONTARGETING_CONTROL	0.0006738463389687745	NONTARGETING_CONTROL
TACCCGC	TOMM70	TACCCGCGAGCA	GENE_TARGETING	0.0006738463389687745	TOMM70
TAACTGT	MTX2	TAACTGTCGAAT	GENE_TARGETING	0.0006658243587429557	MTX2
CCCGTAT	nontargeting_control_CCCGTAT	CCCGTATGCCTA	NONTARGETING_CONTROL	0.0006618133686300463	NONTARGETING_CONTROL
CATCCAC	RAB6A	CATCCACTACCG	GENE_TARGETING	0.000657802378517137	RAB6A
TAGATGC	CIRBP	TAGATGCTTGCT	GENE_TARGETING	0.0006537913884042275	CIRBP
CATGGGC	nontargeting_control_CATGGGC	CATGGGCACTTC	NONTARGETING_CONTROL	0.0006377474279525901	NONTARGETING_CONTROL
TCGGATC	HMOX1	TCGGATCTGAAA	GENE_TARGETING	0.0006257144576138619	HMOX1
TGGAGAT	intergenic_control_TGGAGAT	TGGAGATCTGCC	INTERGENIC_CONTROL	0.0006136814872751339	INTERGENIC_CONTROL_chr6
TGTACTC	HSPA8	TGTACTCCCAGC	GENE_TARGETING	0.0006136814872751339	HSPA8
CGGCTAA	PRDX3	CGGCTAAAGTGT	GENE_TARGETING	0.0006016485169364058	PRDX3
TATGCAA	nontargeting_control_TATGCAA	TATGCAACGGTT	NONTARGETING_CONTROL	0.0005896155465976776	NONTARGETING_CONTROL
TGGTATA	intergenic_control_TGGTATA	TGGTATATCTGC	INTERGENIC_CONTROL	0.0005815935663718588	INTERGENIC_CONTROL_chrX
CAGGAAC	RAB7A	CAGGAACATAGA	GENE_TARGETING	0.0005695605960331308	RAB7A
TATGACG	olfactory_receptor_TATGACG	TATGACGAGCTC	OLFACTORY_RECEPTOR	0.000561538615807312	OR5H15
CCATACC	PCYT1A	CCATACCACAGT	GENE_TARGETING	0.0005575276256944027	PCYT1A
TCAACCA	PSTK	TCAACCAAATGA	GENE_TARGETING	0.0005495056454685839	PSTK
CAAACGT	intergenic_control_CAAACGT	CAAACGTCGACG	INTERGENIC_CONTROL	0.0005414836652427652	INTERGENIC_CONTROL_chr4
CAAAGAG	intergenic_control_CAAAGAG	CAAAGAGCACAT	INTERGENIC_CONTROL	0.0005414836652427652	INTERGENIC_CONTROL_chr5
CTCGGTA	TIMM23	CTCGGTATCTGG	GENE_TARGETING	0.0005374726751298558	TIMM23
CAATTCG	EMD	CAATTCGTGCAC	GENE_TARGETING	0.0005294506949040371	EMD
CCTCTAG	nontargeting_control_CCTCTAG	CCTCTAGCATGA	NONTARGETING_CONTROL	0.0005214287146782183	NONTARGETING_CONTROL
CTCACCA	SCD	CTCACCAATGTC	GENE_TARGETING	0.0005214287146782183	SCD
CGGCTAT	CHCHD4	CGGCTATTACCG	GENE_TARGETING	0.0005093957443394902	CHCHD4
TCCTATG	SF3B1	TCCTATGACCTA	GENE_TARGETING	0.0004973627740007621	SF3B1
CAATAAG	nontargeting_control_CAATAAG	CAATAAGTCCGA	NONTARGETING_CONTROL	0.0004933517838878527	NONTARGETING_CONTROL
TAGGACG	olfactory_receptor_TAGGACG	TAGGACGTCAAA	OLFACTORY_RECEPTOR	0.00048532980366203395	OR6B2
TCCAATC	intergenic_control_TCCAATC	TCCAATCTCTCT	INTERGENIC_CONTROL	0.00048532980366203395	INTERGENIC_CONTROL_chr16
TACGCTG	olfactory_receptor_TACGCTG	TACGCTGGGAGG	OLFACTORY_RECEPTOR	0.0004813188135491246	OR4E1
CTTGCCT	GPX1	CTTGCCTCCTAA	GENE_TARGETING	0.0004773078234362152	GPX1
CGTAGCT	nontargeting_control_CGTAGCT	CGTAGCTCCCGA	NONTARGETING_CONTROL	0.0004692858432103965	NONTARGETING_CONTROL
TCGTGGC	ZDHHC20	TCGTGGCTGACG	GENE_TARGETING	0.00046126386298457774	ZDHHC20
TGTAGCA	nontargeting_control_TGTAGCA	TGTAGCACGGCA	NONTARGETING_CONTROL	0.00044120891242003087	NONTARGETING_CONTROL
CCTGTAT	intergenic_control_CCTGTAT	CCTGTATTAATG	INTERGENIC_CONTROL	0.00044120891242003087	INTERGENIC_CONTROL_chr4
TCATCGC	TXN2	TCATCGCTCTGC	GENE_TARGETING	0.00044120891242003087	TXN2
TGGGACA	HSPA8	TGGGACAAGCCC	GENE_TARGETING	0.00043318693219421213	HSPA8
CACAATC	FTL	CACAATCCTCAT	GENE_TARGETING	0.0004251649519683934	FTL
CACCAAC	SF1	CACCAACGGTGG	GENE_TARGETING	0.00041714297174257466	SF1
CCAATGG	PTBP1	CCAATGGCAGAT	GENE_TARGETING	0.00041313198162966526	PTBP1
CACCAAA	olfactory_receptor_CACCAAA	CACCAAACCTGT	OLFACTORY_RECEPTOR	0.0004091209915167559	OR5AK2
TACAACG	RAB7A	TACAACGATGCA	GENE_TARGETING	0.00039307703106511845	RAB7A
CTCCATA	DDX3X	CTCCATACAGTT	GENE_TARGETING	0.0003810440607263903	DDX3X
CGATGCC	PDCD6IP	CGATGCCTCTTG	GENE_TARGETING	0.0003810440607263903	PDCD6IP
CTGAGTA	olfactory_receptor_CTGAGTA	CTGAGTACGATG	OLFACTORY_RECEPTOR	0.0003730220805005716	OR52N5
CCAAACT	GPX4	CCAAACTCCTCT	GENE_TARGETING	0.0003690110903876622	GPX4
CATCAGT	BANF1	CATCAGTCGATT	GENE_TARGETING	0.0003690110903876622	BANF1
TCTTAGG	SEPHS2	TCTTAGGTGAGA	GENE_TARGETING	0.00036500010027475284	SEPHS2
CACAACA	VDAC2	CACAACATAGGA	GENE_TARGETING	0.0003529671299360247	VDAC2
CTGGATC	olfactory_receptor_CTGGATC	CTGGATCCCTGG	OLFACTORY_RECEPTOR	0.00034494514971020597	OR2A42
TCTCTCT	ATF4	TCTCTCTGGTGC	GENE_TARGETING	0.00034494514971020597	ATF4
CTATTCT	intergenic_control_CTATTCT	CTATTCTGTCCG	INTERGENIC_CONTROL	0.00034093415959729657	INTERGENIC_CONTROL_chr2
CCCAGAT	DHX38	CCCAGATCGTTG	GENE_TARGETING	0.00033692316948438723	DHX38
TCATGAA	SEPSECS	TCATGAACACGT	GENE_TARGETING	0.0003248901991456591	SEPSECS
CGTAATG	EEFSEC	CGTAATGGGCGG	GENE_TARGETING	0.0003248901991456591	EEFSEC
CGCAACC	PRELID3B	CGCAACCTTTGG	GENE_TARGETING	0.00032087920903274976	PRELID3B
CCGATAG	intergenic_control_CCGATAG	CCGATAGCCAGA	INTERGENIC_CONTROL	0.00030483524858111223	INTERGENIC_CONTROL_chr4
CTCTACC	TOMM70	CTCTACCGGCCT	GENE_TARGETING	0.00030483524858111223	TOMM70
TCTCAGA	TNPO1	TCTCAGATACCC	GENE_TARGETING	0.00029280227824238415	TNPO1
TACGGGC	SELENBP1	TACGGGCATGAC	GENE_TARGETING	0.00029280227824238415	SELENBP1
CAGTTAT	USP14	CAGTTATGAACG	GENE_TARGETING	0.00029280227824238415	USP14
CAGCAGA	SF3B1	CAGCAGAGATTA	GENE_TARGETING	0.00029280227824238415	SF3B1
CCATCTC	SEPSECS	CCATCTCCGTAA	GENE_TARGETING	0.00029280227824238415	SEPSECS
TAACATG	PRELID3B	TAACATGGTTTC	GENE_TARGETING	0.00028879128812947475	PRELID3B
CGACTCT	SCLY	CGACTCTCTCCC	GENE_TARGETING	0.00028879128812947475	SCLY
TCTATCG	nontargeting_control_TCTATCG	TCTATCGAACAT	NONTARGETING_CONTROL	0.0002847802980165654	NONTARGETING_CONTROL
CCAAATG	NUP153	CCAAATGAGCTA	GENE_TARGETING	0.0002847802980165654	NUP153
CTGTGAC	NUP153	CTGTGACGGGCT	GENE_TARGETING	0.0002767583177907466	NUP153
TGGTTGA	DDX3X	TGGTTGAAATGC	GENE_TARGETING	0.0002687363375649279	DDX3X
CCTAAGA	HSP90AB1	CCTAAGAGGATT	GENE_TARGETING	0.0002687363375649279	HSP90AB1
TCTACCT	GCLC	TCTACCTGCGGA	GENE_TARGETING	0.00026071435733910915	GCLC
TGGAATT	intergenic_control_TGGAATT	TGGAATTCCGCA	INTERGENIC_CONTROL	0.0002567033672261998	INTERGENIC_CONTROL_chr18
CCGGAAT	VPS35	CCGGAATCCCGA	GENE_TARGETING	0.0002526923771132904	VPS35
TACTAGC	SECISBP2	TACTAGCTAGTC	GENE_TARGETING	0.0002526923771132904	SECISBP2
TCAGGTC	MTX1	TCAGGTCCCGAA	GENE_TARGETING	0.00023664841666165294	MTX1
TGGATGC	nontargeting_control_TGGATGC	TGGATGCCGTCT	NONTARGETING_CONTROL	0.00023263742654874357	NONTARGETING_CONTROL
CGTCCCT	FBXW7	CGTCCCTCAGCA	GENE_TARGETING	0.00022060445621001543	FBXW7
CTCATTA	USP14	CTCATTAGTCTT	GENE_TARGETING	0.0002125824759841967	USP14
CTAGAAA	GOLPH3	CTAGAAAGGCAA	GENE_TARGETING	0.0002125824759841967	GOLPH3
CAGTAAT	FTL	CAGTAATCGATA	GENE_TARGETING	0.00020456049575837796	FTL
TCTTAAA	TXNRD2	TCTTAAAGGGTG	GENE_TARGETING	0.00020456049575837796	TXNRD2
TCACAGC	PET117	TCACAGCGTGAG	GENE_TARGETING	0.00020456049575837796	PET117
TCAATCT	olfactory_receptor_TCAATCT	TCAATCTGTGCC	OLFACTORY_RECEPTOR	0.0002005495056454686	OR4C15
TGTAGAT	FASN	TGTAGATGAAGA	GENE_TARGETING	0.0002005495056454686	FASN
CATACCA	CKB	CATACCAGTGGT	GENE_TARGETING	0.00019653851553255922	CKB
CCATGGG	olfactory_receptor_CCATGGG	CCATGGGTGCTT	OLFACTORY_RECEPTOR	0.00019252752541964985	OR5W2
TCATTTA	ACACA	TCATTTACCCTT	GENE_TARGETING	0.00019252752541964985	ACACA
TCGTCAA	GSR	TCGTCAACCGTG	GENE_TARGETING	0.00019252752541964985	GSR
TCATGCC	TAFAZZIN	TCATGCCGATAC	GENE_TARGETING	0.00019252752541964985	TAFAZZIN
CAGAGAT	GABARAP	CAGAGATCCGGT	GENE_TARGETING	0.00019252752541964985	GABARAP
TGAGAAA	olfactory_receptor_TGAGAAA	TGAGAAACGTGT	OLFACTORY_RECEPTOR	0.0001845055451938311	OR6C75
CAAAGAC	intergenic_control_CAAAGAC	CAAAGACTTCAA	INTERGENIC_CONTROL	0.00017648356496801235	INTERGENIC_CONTROL_chr12
CATGGTT	intergenic_control_CATGGTT	CATGGTTAAAGG	INTERGENIC_CONTROL	0.00017648356496801235	INTERGENIC_CONTROL_chr6
TCCAATT	HSP90AB1	TCCAATTAGCGA	GENE_TARGETING	0.00017648356496801235	HSP90AB1
CTAACAT	ARF1	CTAACATTGTCA	GENE_TARGETING	0.00017247257485510298	ARF1
CTTGTAT	VAPB	CTTGTATAGTGA	GENE_TARGETING	0.00017247257485510298	VAPB
TACGGCA	NNT	TACGGCAGATGA	GENE_TARGETING	0.00017247257485510298	NNT
TCATATT	PRMT5	TCATATTGGAGT	GENE_TARGETING	0.00016445059462928425	PRMT5
CACATAA	intergenic_control_CACATAA	CACATAAACGAG	INTERGENIC_CONTROL	0.00015642861440346548	INTERGENIC_CONTROL_chr13
CCCAGAA	SNAP29	CCCAGAAATCAA	GENE_TARGETING	0.00015241762429055611	SNAP29
CAGAAGG	ATF4	CAGAAGGAGTCT	GENE_TARGETING	0.00014439564406473738	ATF4
TCGAAAT	GSS	TCGAAATGCGAA	GENE_TARGETING	0.00014439564406473738	GSS
TGTGTAA	nontargeting_control_TGTGTAA	TGTGTAAACAGG	NONTARGETING_CONTROL	0.000140384653951828	NONTARGETING_CONTROL
CATGAGT	intergenic_control_CATGAGT	CATGAGTATGGA	INTERGENIC_CONTROL	0.00013236267372600927	INTERGENIC_CONTROL_chr11
TAATGAC	KPNA2	TAATGACGTGTA	GENE_TARGETING	0.00013236267372600927	KPNA2
TGTGCCC	SF1	TGTGCCCGTGAT	GENE_TARGETING	0.00013236267372600927	SF1
CAGTGAT	HSPA9	CAGTGATTTCAA	GENE_TARGETING	0.0001283516836130999	HSPA9
TGTGCAT	nontargeting_control_TGTGCAT	TGTGCATCAGAA	NONTARGETING_CONTROL	0.00012434069350019053	NONTARGETING_CONTROL
CGTGCAC	DNAJA1	CGTGCACAGTTG	GENE_TARGETING	0.0001123077231614624	DNAJA1
CTGTGCT	SREBF1	CTGTGCTAGATA	GENE_TARGETING	0.0001123077231614624	SREBF1
TAAAGCA	RAB5A	TAAAGCACCGGC	GENE_TARGETING	0.00010829673304855303	RAB5A
CAAGTAA	XPO1	CAAGTAAGACTT	GENE_TARGETING	0.00010829673304855303	XPO1
TAAGCTC	CLTC	TAAGCTCCTGGT	GENE_TARGETING	0.00010428574293564366	CLTC
TAGGCGG	SCD	TAGGCGGAATCA	GENE_TARGETING	0.0001002747528227343	SCD
CGATGTC	PLA2G6	CGATGTCCAATA	GENE_TARGETING	0.0001002747528227343	PLA2G6
CCCAAAG	TRIM21	CCCAAAGACTCG	GENE_TARGETING	9.626376270982493e-05	TRIM21
CAGATAG	CHCHD4	CAGATAGAATAC	GENE_TARGETING	9.225277259691554e-05	CHCHD4
TGTAATC	SIRT3	TGTAATCAGGAC	GENE_TARGETING	8.423079237109681e-05	SIRT3
CGATACG	STX17	CGATACGTTAAG	GENE_TARGETING	8.423079237109681e-05	STX17
CATGTAG	RANGAP1	CATGTAGGTCGC	GENE_TARGETING	6.818683191945932e-05	RANGAP1
TATAAAC	PRDX5	TATAAACGCATG	GENE_TARGETING	6.818683191945932e-05	PRDX5
CCGTGTT	SCLY	CCGTGTTGGTGC	GENE_TARGETING	6.417584180654995e-05	SCLY
TGTAGAA	VDAC1	TGTAGAATCCGC	GENE_TARGETING	5.61538615807312e-05	VDAC1
CCATTGA	olfactory_receptor_CCATTGA	CCATTGACGGCA	OLFACTORY_RECEPTOR	5.214287146782183e-05	OR5B2
CATTCAA	LYPLA1	CATTCAACTTCT	GENE_TARGETING	5.214287146782183e-05	LYPLA1
CTGAATG	STX17	CTGAATGACGAC	GENE_TARGETING	4.412089124200309e-05	STX17
TGTCAAC	STK38	TGTCAACGGACT	GENE_TARGETING	4.010990112909372e-05	STK38
TGTAAGG	G3BP1	TGTAAGGCTCAG	GENE_TARGETING	3.6098911016184344e-05	G3BP1
CGTGTCT	LMNA	CGTGTCTCGGCA	GENE_TARGETING	3.2087920903274976e-05	LMNA
CGTAAAT	RAB11A	CGTAAATCTCAC	GENE_TARGETING	2.005495056454686e-05	RAB11A
TCAAAGA	GABARAP	TCAAAGACGTAC	GENE_TARGETING	2.005495056454686e-05	GABARAP
